Legend,,,,,,,,,,,,,,,,,,,,,,,,,,,,,,,,,,,,,,,,,,,,,,,,,,,,,,,,,,,,,,,,,,,,,,,,,,,,,,,,,,,,,,,,,,,,,,,,,,,,,,,,,,,,,,,,,,,,,,,,,,,,,,,,,,,,,,,,,,,,,,,,,,,,,,,,,,,,,,,,,,,,,,,,,,,,,,,,,,,,,,,,,,,,,,,,,,,,,,,,,,,,,,
,"Core product data, some values are optional for variants",,,,,,,,,,,,,,,,,,,,,,,,,,,,,,,,,,,,,,,,,,,,,,,,,,,,,,,,,,,,,,,,,,,,,,,,,,,,,,,,,,,,,,,,,,,,,,,,,,,,,,,,,,,,,,,,,,,,,,,,,,,,,,,,,,,,,,,,,,,,,,,,,,,,,,,,,,,,,,,,,,,,,,,,,,,,,,,,,,,,,,,,,,,,,,,,,,,,,,,,,,,,,
,"Mandatory, if the row is for a product variant",,,,,,,,,,,,,,,,,,,,,,,,,,,,,,,,,,,,,,,,,,,,,,,,,,,,,,,,,,,,,,,,,,,,,,,,,,,,,,,,,,,,,,,,,,,,,,,,,,,,,,,,,,,,,,,,,,,,,,,,,,,,,,,,,,,,,,,,,,,,,,,,,,,,,,,,,,,,,,,,,,,,,,,,,,,,,,,,,,,,,,,,,,,,,,,,,,,,,,,,,,,,,
,Data required for integration,,,,,,,,,,,,,,,,,,,,,,,,,,,,,,,,,,,,,,,,,,,,,,,,,,,,,,,,,,,,,,,,,,,,,,,,,,,,,,,,,,,,,,,,,,,,,,,,,,,,,,,,,,,,,,,,,,,,,,,,,,,,,,,,,,,,,,,,,,,,,,,,,,,,,,,,,,,,,,,,,,,,,,,,,,,,,,,,,,,,,,,,,,,,,,,,,,,,,,,,,,,,,
,,,,,,,,,,,,,,,,,,,,,,,,,,,,,,,,,,,,,,,,,,,,,,,,,,,,,,,,,,,,,,,,,,,,,,,,,,,,,,,,,,,,,,,,,,,,,,,,,,,,,,,,,,,,,,,,,,,,,,,,,,,,,,,,,,,,,,,,,,,,,,,,,,,,,,,,,,,,,,,,,,,,,,,,,,,,,,,,,,,,,,,,,,,,,,,,,,,,,,,,,,,,,,
DO NOT LEAVE ANY ROW BLANK,,,,,,,,,,,,,,,,,,,,,,,,,,,,,,,,,,,,,,,,,,,,,,,,,,,,,,,,,,,,,,,,,,,,,,,,,,,,,,,,,,,,,,,,,,,,,,,,,,,,,,,,,,,,,,,,,,,,,,,,,,,,,,,,,,,,,,,,,,,,,,,,,,,,,,,,,,,,,,,,,,,,,,,,,,,,,,,,,,,,,,,,,,,,,,,,,,,,,,,,,,,,,,
,,,,,,,,,,,,,,,,,,,,,,,,,,,,,,,,,,,,,,,,,,,,,,,,,,,,,,,,,,,,,,,,,,,,,,,,,,,,,,,,,,,,,,,,,,,,,,,,,,,,,,,,,,,,,,,,,,,,,,,,,,,,,,,,,,,,,,,,,,,,,,,,,,,,,,,,,,,,,,,,,,,,,,,,,,,,,,,,,,,,,,,,,,,,,,,,,,,,,,,,,,,,,,
Core product data -->,,,,,,,,,,,,,,,,,,<-- Core product data,Data for integrations -->,,<-- Data for integrations,Marketing product data -->,,,,,,,,,,,,,,,,,,<-- Marketing product data,Nutritional information data -->,,,,,,,,,,,,,,,,,,,,,,,,,,,,,,,,,,,,,,,,,,,,,,,,,,,,,,,,,,,,,,,,,,,,,,,,,,,,,,,,,,,,,,,,,,,,,,,,,,,,,,,,,,,,,,,,,,,,,,,,,,,,,,,,,,,,,,,<-- Nutritional information data,eGifting data (Intervino) -->,,,,,,,,,,,,,,,,,,,,,,,,,,,,,<-- eGifting data (Intervino)
"Product Category
(Enter N/A if not applicable)","Copy type
(Enter Standard if not sure)","Content type
(Enter Product)",Status,"Identifier Type
(EAN/UPC)",Identifier Value,EAN Number,EAN Number of parent product,Product Name,Product Images (comma separated TAB IDs),Comma separated ALT Text for product images,Product Ingredients,Product Size,Short product title,Short product description,Product Tags,Alternative page title,DON'T POPULATE,Alternative product number,"Smart Product Id
(ID used for BIN)",Label Insight Id (used for Smartlabel integration),"Disable ""Buy it Now""
(Leave blank if not disabled)",shortIdentifierValue,Child products,"Product launch date
(dd/mm/yyyy)","Image Type
(Tall/Short)","Image Format (PNG,JPG, JPEG)","Product price
(without currency symbol)",Long page description,Short page description,aboutThisProductTitle,aboutThisProductBullets,aboutThisProductDescription,perfectForTitle,perfectForHeadingsAndDescription,howToUseTitle,howToUseDescription,tryThisTitle,tryThisDescription,ingredientsDisclaimer,allergy,Serving Size, Servings Per  Container, Calories Amount Per  Portion, Calories Percentage  Per  Portion, Calories Per100g, Calories Per100ml, Calories From Fat, Total Fat Amount Per Portion, Total Fat Percentage Per Portion, Total Fat Per100g, Total Fat Per100ml, Saturated Fat Amount Per Portion, Saturated Fat Percentage Per Portion, Saturated Fat Per100 g, Saturated Fat Per100ml, Trans Fat Amount, Trans Fat Percentage, Trans Fat Per100gm, Polyunsaturated Fat Amount, Polyunsaturated Fat Percentage, Polyunsaturated Fat Per100g, Monounsaturated Fat Amount, Monounsaturated Fat Percentage, Monounsaturated Fat Per100gm, Cholesterol Amount, Cholesterol Percentage, Cholesterol Per100gm, Salt Amount Per Portion, Salt Percentage Per Portion, Salt Per100gm, Saltper100ml, Potassium Amount, Potassium Percentage, Potassium Per100gm, Total Carbohydrate Amount Per Portion, Total Carbohydrate Percentage Per Portion, Total Carbohydrate Per100g, Total Carbohydrate Per100ml, Dietary Fiber Amount, Dietary Fiber Percentage, Dietary Fiber Per100gm, Sugars Amount Per Portion, Sugars Percentage Per Portion, Sugars Per100g, Sugars Per100ml, Protein Amount Per Portion, Protein Percentage Per Portion, Protein Per100gm, Proteinper100ml, Vitamin A Amount, Vitamin A Percentage, Vitamin A Per100gm, Vitamin C Amount, Vitamin C Percentage, Vitamin C Per100gm, Calcium Amount, Calcium Percentage, Calcium Per100gm, Iron Amount, Iron Percentage, Iron Per100gm, Vitamin D Amount, Vitamin D Percentage, Vitamin D Per100gm, Vitamin E Amount, Vitamin E Percentage, Vitamin E Per100gm, Vitamin K Amount, Vitamin K Percentage, Vitamin K Per100gm, Thiamin Amount, Thiamin Percentage, Thiamin Per100gm, Riboflavin Amount, Riboflavin Percentage, Riboflavin Per100gm, Niacin Amount, Niacin Percentage, Niacin Per100gm, Vitamin B6 Amount, Vitamin B6 Percentage, Vitamin B6 Per100gm, Folic Acid Amount, Folic Acid Percentage, Folic Acid Per100gm, Vitamin B12 Amount, Vitamin B12 Percentage, Vitamin B12 Per100gm, Biotin Amount, Biotin Percentage, Biotin Per100gm, Panothenic Acid Amount, Panothenic Acid Percentage, Panothenic Acid Per100gm, Phosphorus Amount, Phosphorus Percentage, Phosphorus Per100gm, Iodine Amount, Iodine Percentage, Iodine Per100gm, Magnesium Amount, Magnesium Percentage, Magnesium Per100gm, Zinc Amount, Zinc Percentage, Zinc Per100gm, Selenium Amount, Selenium Percentage, Selenium Per100gm, Copper Amount, Copper Percentage, Copper Per100gm, Manganese Amount, Manganese Percentage, Manganese Per100gm, Chromium Amount, Chromium Percentage, Chromium Per100gm, Molybdenum Amount, Molybdenum Percentage, Molybdenum Per100gm, Chloride Amount, Chloride Percentage, Chloride Per100gm, Omega3 Amount, Omega3 Percentage, Omega3 Per100gm, Omega6 Amount, Omega6 Percentage, Omega6 Per100gm,Dietary Fiber Per 100ml,Sodium Amount Per portion,Sodium percentage per portion,Sodium per 100 gm,Sodium per 100 ml, Footnote, Customize Description, Customize Gift Wrap Description , Customize Image Alt Text, Customize Image Id, Customize Product Price,wrapping Price,"#1 recipients Info
Character Count","#1 recipients Info
Type","#2 recipients Info
Character Count","#2 recipients Info
Type","#1 Wrapper Info
Id","#1 Wrapper Info
Image Alt Text","#1 Wrapper Info
Text","#1 Wrapper Info
Wrapper Image","#2 Wrapper Info
Id","#2 Wrapper Info
Image Alt Text","#2 Wrapper Info
Text","#2 Wrapper Info
Wrapper Image","#3 Wrapper Info
Id","#3 Wrapper Info
Image Alt Text","#3 Wrapper Info
Text","#3 Wrapper Info
Wrapper Image","#4 Wrapper Info
Id","#4 Wrapper Info
Image Alt Text","#4 Wrapper Info
Text","#4 Wrapper Info
Wrapper Image","#5 Wrapper Info
Id","#5 Wrapper Info
Image Alt Text","#5 Wrapper Info
Text","#5 Wrapper Info
Wrapper Image"
category,copy type,content type,status,identifierType,identifierValue,EAN,EANparent,productName,productImage,altTextImages,ingredients,productSize,shortTitle,shortProductDescription,productTags,aemPageName,lastmodifiedtime,productID,smartProductID,labelInsightId,disableBuyItNow,shortIdentifierValue,ChildProducts,productLaunchDate,imageType,imageFormat,productPrice,longPageDescription,shortPageDescription,aboutThisProductTitle,aboutThisProductBullets,aboutThisProductDescription,perfectForTitle,perfectForHeadingsAndDescription,howToUseTitle,howToUseDescription,tryThisTitle,tryThisDescription,ingredientsDisclaimer,allergy,NutritionFacts.ServingSize,NutritionFacts.ServingsPerContainer,NutritionFacts.CaloriesAmountPerPortion,NutritionFacts.CaloriesPercentagePerPortion,NutritionFacts.CaloriesPer100g,NutritionFacts.CaloriesPer100ml,NutritionFacts.CaloriesFromFat,NutritionFacts.TotalFatAmountPerPortion,NutritionFacts.TotalFatPercentagePerPortion,NutritionFacts.TotalFatPer100g,NutritionFacts.TotalFatPer100ml,NutritionFacts.SaturatedFatAmountPerPortion,NutritionFacts.SaturatedFatPercentagePerPortion,NutritionFacts.SaturatedFatPer100 g,NutritionFacts.SaturatedFatPer100ml,NutritionFacts.TransFatAmount,NutritionFacts.TransFatPercentage,NutritionFacts.TransFatPer100gm,NutritionFacts.PolyunsaturatedFatAmount,NutritionFacts.PolyunsaturatedFatPercentage,NutritionFacts.PolyunsaturatedFatPer100g,NutritionFacts.MonounsaturatedFatAmount,NutritionFacts.MonounsaturatedFatPercentage,NutritionFacts.MonounsaturatedFatPer100gm,NutritionFacts.CholesterolAmount,NutritionFacts.CholesterolPercentage,NutritionFacts.CholesterolPer100gm,NutritionFacts.SaltAmountPerPortion,NutritionFacts.SaltPercentagePerPortion,NutritionFacts.SaltPer100gm,NutritionFacts.Saltper100ml,NutritionFacts.PotassiumAmount,NutritionFacts.PotassiumPercentage,NutritionFacts.PotassiumPer100gm,NutritionFacts.TotalCarbohydrateAmountPerPortion,NutritionFacts.TotalCarbohydratePercentagePerPortion,NutritionFacts.TotalCarbohydratePer100g,NutritionFacts.TotalCarbohydratePer100ml,NutritionFacts.DietaryFiberAmount,NutritionFacts.DietaryFiberPercentage,NutritionFacts.DietaryFiberPer100gm,NutritionFacts.SugarsAmountPerPortion,NutritionFacts.SugarsPercentagePerPortion,NutritionFacts.SugarsPer100g,NutritionFacts.SugarsPer100ml,NutritionFacts.ProteinAmountPerPortion,NutritionFacts.ProteinPercentagePerPortion,NutritionFacts.ProteinPer100gm,NutritionFacts.Proteinper100ml,NutritionFacts.VitaminAAmount,NutritionFacts.VitaminAPercentage,NutritionFacts.VitaminAPer100gm,NutritionFacts.VitaminCAmount,NutritionFacts.VitaminCPercentage,NutritionFacts.VitaminCPer100gm,NutritionFacts.CalciumAmount,NutritionFacts.CalciumPercentage,NutritionFacts.CalciumPer100gm,NutritionFacts.IronAmount,NutritionFacts.IronPercentage,NutritionFacts.IronPer100gm,NutritionFacts.VitaminDAmount,NutritionFacts.VitaminDPercentage,NutritionFacts.VitaminDPer100gm,NutritionFacts.VitaminEAmount,NutritionFacts.VitaminEPercentage,NutritionFacts.VitaminEPer100gm,NutritionFacts.VitaminKAmount,NutritionFacts.VitaminKPercentage,NutritionFacts.VitaminKPer100gm,NutritionFacts.ThiaminAmount,NutritionFacts.ThiaminPercentage,NutritionFacts.ThiaminPer100gm,NutritionFacts.RiboflavinAmount,NutritionFacts.RiboflavinPercentage,NutritionFacts.RiboflavinPer100gm,NutritionFacts.NiacinAmount,NutritionFacts.NiacinPercentage,NutritionFacts.NiacinPer100gm,NutritionFacts.VitaminB6Amount,NutritionFacts.VitaminB6Percentage,NutritionFacts.VitaminB6Per100gm,NutritionFacts.FolicAcidAmount,NutritionFacts.FolicAcidPercentage,NutritionFacts.FolicAcidPer100gm,NutritionFacts.VitaminB12Amount,NutritionFacts.VitaminB12Percentage,NutritionFacts.VitaminB12Per100gm,NutritionFacts.BiotinAmount,NutritionFacts.BiotinPercentage,NutritionFacts.BiotinPer100gm,NutritionFacts.PanothenicAcidAmount,NutritionFacts.PanothenicAcidPercentage,NutritionFacts.PanothenicAcidPer100gm,NutritionFacts.PhosphorusAmount,NutritionFacts.PhosphorusPercentage,NutritionFacts.PhosphorusPer100gm,NutritionFacts.IodineAmount,NutritionFacts.IodinePercentage,NutritionFacts.IodinePer100gm,NutritionFacts.MagnesiumAmount,NutritionFacts.MagnesiumPercentage,NutritionFacts.MagnesiumPer100gm,NutritionFacts.ZincAmount,NutritionFacts.ZincPercentage,NutritionFacts.ZincPer100gm,NutritionFacts.SeleniumAmount,NutritionFacts.SeleniumPercentage,NutritionFacts.SeleniumPer100gm,NutritionFacts.CopperAmount,NutritionFacts.CopperPercentage,NutritionFacts.CopperPer100gm,NutritionFacts.ManganeseAmount,NutritionFacts.ManganesePercentage,NutritionFacts.ManganesePer100gm,NutritionFacts.ChromiumAmount,NutritionFacts.ChromiumPercentage,NutritionFacts.ChromiumPer100gm,NutritionFacts.MolybdenumAmount,NutritionFacts.MolybdenumPercentage,NutritionFacts.MolybdenumPer100gm,NutritionFacts.ChlorideAmount,NutritionFacts.ChloridePercentage,NutritionFacts.ChloridePer100gm,NutritionFacts.Omega3Amount,NutritionFacts.Omega3Percentage,NutritionFacts.Omega3Per100gm,NutritionFacts.Omega6Amount,NutritionFacts.Omega6Percentage,NutritionFacts.Omega6Per100gm,NutritionFacts.DietaryFiberPer100ml,NutritionFacts.SodiumAmountPerportion,NutritionFacts.SodiumPercentagePerportion,NutritionFacts.SodiumPer100gm,NutritionFacts.SodiumPer100ml,NutritionFacts.Footnote,CustomizeDescription,CustomizeGiftWrapDescription ,CustomizeImageAltText,CustomizeImageId,CustomizeProductPrice,wrappingPrice,1#recipientsInfo.CharacterCount,1#recipientsInfo.Type,2#recipientsInfo.CharacterCount,2#recipientsInfo.Type,1#WrapperInfo.Id,1#WrapperInfo.ImageAltText,1#WrapperInfo.Text,1#WrapperInfo.WrapperImage,2#WrapperInfo.Id,2#WrapperInfo.ImageAltText,2#WrapperInfo.Text,2#WrapperInfo.WrapperImage,3#WrapperInfo.Id,3#WrapperInfo.ImageAltText,3#WrapperInfo.Text,3#WrapperInfo.WrapperImage,4#WrapperInfo.Id,4#WrapperInfo.ImageAltText,4#WrapperInfo.Text,4#WrapperInfo.WrapperImage,5#WrapperInfo.Id,5#WrapperInfo.ImageAltText,5#WrapperInfo.Text,5#WrapperInfo.WrapperImage
Skin Cleansing,Enhanced,Product,New,UPC,11111033757,11111033757,,Body Love Age Embrace Body Cleanser,"56526819#,56526849","Dove Body Love Age Embrace Body Cleanser 17.5 FL OZ.,","Water (Aqua), Petrolatum, Cocamidopropyl Betaine, Lauric Acid, Sodium Lauroyl Glycinate, Sodium Lauroyl Isethionate, Glycerin, Sodium Chloride, Fragrance (Parfum), Stearic Acid, Palmitic Acid, Acrylates Copolymer, Sodium Benzoate, Guar Hydroxypropyltrimonium Chloride, Capryloyl Glycine, Undecylenoyl Glycine, Citric Acid, Glyceryl Stearate, Sodium Gluconate, Hydroxystearic Acid, Hydrogenated Soybean Oil, Palmitoyl Hexapeptide-12, Benzyl Salicylate, Coumarin, Hydroxycitronellal and Limonene.
",517 mL,Dove Body Love Age Embrace Body Cleanser,"Care for mature skin in the shower with Dove Body Love Age Embrace Body Cleanser, formulated with peptides serum and pure glycerin.","unilever:dove/site-home/washing-and-bathing/body-wash,unilever:dove/product/collection/washing-and-bathing/body-love,unilever:dove/product/type/washing-and-bathing/body-wash,unilever:dove/product/need/skin-care/mature,unilever:dove/product/need/skin-care/rough,unilever:dove/product/benefit/cross-category/moisturising,unilever:dove/product/benefit/skin-care/smoothing,unilever:dove/product/benefit/skin-care/softening,unilever:dove/product/ingredient/glycerin,unilever:dove/product/ingredient/peptides,unilever:dove/product/benefit/cross-category/sulfate-free,unilever:dove/product/benefit/cross-category/paraben-free,unilever:dove/product/benefit/cross-category/dye-free,unilever:dove/product/benefit/cross-category/dermatologist-recommended,unilever:dove/product/benefit/cross-category/ph-balanced,unilever:dove/product/benefit/washing-and-bathing/gentle-cleansing,unilever:dove/article/source/category/washing-and-bathing,unilever:dove/content/purpose/core/product,unilever:dove/content/frequency/evergreen,unilever:dove/content/brand/dove-women,unilever:dove/content/process/created",,,,392e8708ed2083887cd48e853a153c95,,,,1/1/2023,,Tall,PNG,,,Care for mature skin with this body cleanser to help reduce roughness and visibly rejuvenate skin.,"? Made with peptide serum and pure glycerin 
? Helps reduce roughness and visibly rejuvenate skin
? Formulated with our unique 10X Moisture Boost Complex* 
? Formula that?s sulfate and paraben free 
? #1 dermatologist recommended body wash brand","Dove believes the skin on our bodies deserves the same level of care we give our faces. Say hello to Body Love, a range of premium body cleansers to make your body smile. 

Dove Body Love Age Embrace Body Cleanser is formulated to visibly reduce roughness and rejuvenate skin. It locks in moisture for a more hydrated skin barrier, encouraging more supple, firmer-looking skin that feels truly loved. 
 
This beautifully rich and indulgent body cleanser is formulated with ingredients like peptide serum and pure glycerin. Our unique 10X Moisture Boost Complex* contains a mix of active moisturizers to deliver extra care and hydration. Plus, the fresh, floral fragrance will leave your skin delicately scented, with notes of jasmine, blood orange and coconut. 

Dove Body Love Age Embrace Body Cleanser is made with naturally-derived, gentle skin cleansers. A sulfate and paraben-free body cleanser, it?s also PETA-certified cruelty-free and made in 100% recycled plastic bottles.
 

*10X the moisturizers of the next leading body wash","? Maturing skin
Our Body Love Age Embrace Body Cleanser helps you show your body some love. Thoughtfully formulated, it?s made with ingredients you know and love like pure glycerin and peptides for skin that needs a little extra care and attention. 

? Your Age Embrace regimen 
Give your skin the care it deserves. Rinse off and cleanse with Dove Body Love Age Embrace Body Cleanser for rejuvenated, moisturized skin. 

? Showing your body some love 
Many of us spend time and effort on multi-step face care regimens. We believe your body deserves just as much love. Dove Body Love is going to change the way you think about your body care, formulated with ingredients to nourish your skin and show your body some TLC. ","Double down on hydration and care for mature skin in the shower with our Age Embrace cleansing regimen. Massage a pump of cleanser between your hands and apply to wet skin all over, before rinsing off with water. The luxurious, lotion-like formula is made with peptide serum and pure glycerin for skin that feels hydrated and cared for.","Give your skin the care it deserves and try the silky, buttery texture works into a rich lather to give your body an extra dose of hydration, leaving you with lasting softness and beautifully smooth skin. ",Ingredients correct at time of publishing. Always check product packaging.,,,,,,,,,,,,,,,,,,,,,,,,,,,,,,,,,,,,,,,,,,,,,,,,,,,,,,,,,,,,,,,,,,,,,,,,,,,,,,,,,,,,,,,,,,,,,,,,,,,,,,,,,,,,,,,,,,,,,,,,,,,,,,,,,,,,,,,,,,,,,,,,,,,,,,,,,,,,,,,,,,,,,,,,,,,
Skin Cleansing,Standard,Product,New,UPC,11111040373,11111040373,,Dove Body Love Night Recovery Body Polish,"91021759#,91021697","Front of Pack, Back of Pack","Night Recover Body Polish INGREDIENTS: Water (Eau), Glycerin, Hydrated Silica, Sodium Lauroyl Isethionate, Stearic Acid, Sodium Stearate, Cocamidopropyl Betaine, Fragrance (Parfum), Retinol, Hydroxystearic Acid, Lauric Acid, Sodium Oleate, Cetearyl Alcohol, Synthetic Wax, Sodium Isethionate, Sodium Chloride, Sodium Benzoate, Hydroxyacetophenone, Sodium Laurate, Tetrasodium EDTA, Tetrasodium Etidronate, Caprylic/Capric Triglyceride, Titanium Dioxide, Iron Oxides (CI 77499), Red 33 (CI 17200), Blue 1 (CI 42090).",340 g,Dove Body Love Night Recover Body Polish,Dove Body Love Night Recovery Body Polish formulated with retinol serum and exfoliants encourages production of skin's natural moisturizers ? all while you sleep! ,"unilever:dove/site-home/washing-and-bathing/body-wash,unilever:dove/product/collection/washing-and-bathing/body-love,unilever:dove/product/type/washing-and-bathing/body-polish,unilever:dove/product/need/washing-and-bathing/dry,unilever:dove/product/benefit/cross-category/moisturising,unilever:dove/product/benefit/cross-category/sulfate-free,unilever:dove/product/benefit/cross-category/paraben-free,unilever:dove/product/benefit/cross-category/ph-balanced,unilever:dove/product/benefit/washing-and-bathing/gentle-cleansing,unilever:dove/article/source/category/washing-and-bathing,unilever:dove/content/purpose/core/product,unilever:dove/content/frequency/evergreen,unilever:dove/content/brand/dove-women,unilever:dove/content/process/created",,,,341f5bde8f190629efb1085265cd49cb,,,,1/1/2023,,Short,PNG,,,Dove Body Love Night Recovery Body Polish formulated with retinol serum and exfoliants encourages production of skin's natural moisturizers ? all while you sleep! ,"?Body Polish formulated with retinol serum and exfoliants.
?Formulated with 10X Moisture Boost Complex*.
?Encourages production of skin's natural moisturizers & nourishes dry skin.
?#1 dermatologist recommended body wash brand, co-created with beauty editors.
?This Body Polish is vegan, and Dove is globally approved by PETA.
?Sulfate-free formula packaged in a jar made with 100% recycled plastic. 
","Your skin deserves some TLC whether it be  day or night, and Dove Night Recovery Body Polish is the perfect way to shower your body with the care it deserves. Our nourishing exfoliating body polish formula with retinol serum + exfoliants buffs away dead skin cells, and refines, and preps the skin barrier. 

Formulated with 10x moisture boost*, this exfoliating body polish for dry, worn-down skin will gently exfoliate skin and infuse moisture so, you can wake up to beautifully renewed skin. 

A sulfate and paraben-free body cleanser, Dove Night Recovery Body Polish is vegan, and Dove is globally approved by PETA. What?s even better? Our bottles are made in 100% recycled plastic bottles.

No.1 dermatologist-recommended body wash brand and co-created with beauty editors","Extra care for dry skin 
Formulated for dry and worn-down skin in need of a little extra love and long-lasting softness.",Massage a generous amount of this body polish on skin and leave on for one minute to infuse moisture. Rinse and follow with the Dove Body Love Cleanser to lock in moisture.,Try switching your ordinary soap or non-moisturizing body wash for a body wash or scrub with retinol serum. ,Ingredients correct at time of publishing. Always check product packaging.,,,,,,,,,,,,,,,,,,,,,,,,,,,,,,,,,,,,,,,,,,,,,,,,,,,,,,,,,,,,,,,,,,,,,,,,,,,,,,,,,,,,,,,,,,,,,,,,,,,,,,,,,,,,,,,,,,,,,,,,,,,,,,,,,,,,,,,,,,,,,,,,,,,,,,,,,,,,,,,,,,,,,,,,,,,
Skin Cleansing,Standard,Product,New,UPC,11111040175,11111040175,,Dove Body Love Exfoliate Away Body Cleanser,"87530958#,87531191","Front of Pack, Back of Pack","Exfoliate  Away Body Cleanser INGREDIENTS: Water (Eau), Sodium Chloride, Cocamidopropyl Betaine, Sodium Lauroyl Glycinate, Sodium Lauroyl Isethionate, Hydrated Silica, Acrylates Copolymer, Lauric Acid, Glycerin, Fragrance (Parfum), Stearic Acid, Palmitic Acid, Glyceryl Stearate, Hydroxystearic Acid, Lactic Acid, Phenoxyethanol, Glycol Distearate, Sodium Benzoate, PEG-150 Pentaerythrityl Tetrastearate, PPG-2 Hydroxyethyl Cocamide, Iodopropynyl Butylcarbamate, Citric Acid, Limonene, Linalool, Ferric Ferrocyanide (CI 77510).",517 mL,Dove Body Love Exfoliate Away Body Cleanser,Dove Body Love Exfoliate Away Body Cleanser formulated with AHA serum and exfoliating minerals,"unilever:dove/site-home/washing-and-bathing/body-wash,unilever:dove/product/collection/washing-and-bathing/body-love,unilever:dove/product/type/washing-and-bathing/body-wash,unilever:dove/product/need/washing-and-bathing/dry,unilever:dove/product/benefit/cross-category/moisturising,unilever:dove/product/ingredient/exfoliating-minerals,unilever:dove/product/benefit/cross-category/sulfate-free,unilever:dove/product/benefit/cross-category/paraben-free,unilever:dove/product/benefit/cross-category/dye-free,unilever:dove/product/benefit/cross-category/dermatologist-recommended,unilever:dove/product/benefit/cross-category/ph-balanced,unilever:dove/product/benefit/washing-and-bathing/gentle-cleansing,unilever:dove/article/source/category/washing-and-bathing,unilever:dove/content/purpose/core/product,unilever:dove/content/frequency/evergreen,unilever:dove/content/brand/dove-women,unilever:dove/content/process/created",,,,ef7552b4cf5db0de937e109f7ca9ef08,,,,1/1/2023,,Tall,PNG,,,Dove Body Love Exfoliate Away Body Cleanser formulated with AHA serum and exfoliating minerals,"?Formulated with AHA serum, exfoliating minerals and active moisturizers.
?Exfoliating body wash promotes surface skin cell turnover.
?Refines your skin to reveal softer and smoother skin .
?#1 dermatologist recommended body wash brand, co-created with beauty editors.
?This Body Cleanser is vegan, and Dove is globally approved by PETA.
?Sulfate and paraben-free formula packaged in a 100% recycled plastic bottle 
","Give your skin a spa-like treatment in the shower and the care it deserves with Dove Body Love Exfoliate Away Body Cleanser.

This exfoliating body wash formulated with AHA serum and exfoliating minerals is ideal for rough, bumpy skin. Made with a blend of active moisturizers, it promotes surface skin cell turnover. It?s creamy and exfoliating texture with a bubbly lather, retexturizes your skin while keeping it hydrated throughout the day. 

A sulfate and paraben-free body cleanser, our body cleanser is also vegan, and Dove is globally approved by PETA. What?s even better? Our bottle is made with 100% recycled plastic.

No.1 dermatologist-recommended body wash brand and co-created with beauty editors.","Rough and bumpy skin
Our exfoliating body wash with AHA serum and exfoliating minerals is ideal for rough, bumpy skin. Made with a blend of active moisturizers, it promotes surface skin cell turnover leaving your skin feeling hydrated, soft and beautifully nourished.","Squeeze a generous amount of Dove Exfoliate Away body cleanser into your palms. Massage on your skin and experience the premium spa-inspired fragrance and the exfoliating mineral-rich formula transform into a bubbly, creamy lather.",A non-moisturizing body wash can the leave skin feeling dry post-shower. Try switching your regular cleanser for Dove Body Love Exfoliate Away Body Cleanser with AHA serum.,Ingredients correct at time of publishing. Always check product packaging.,,,,,,,,,,,,,,,,,,,,,,,,,,,,,,,,,,,,,,,,,,,,,,,,,,,,,,,,,,,,,,,,,,,,,,,,,,,,,,,,,,,,,,,,,,,,,,,,,,,,,,,,,,,,,,,,,,,,,,,,,,,,,,,,,,,,,,,,,,,,,,,,,,,,,,,,,,,,,,,,,,,,,,,,,,,
Skin Cleansing,Standard,Product,New,UPC,11111040366,11111040366,,Dove Body Love Exfoliate Away Body Polish,"91016125#,91016135","Front of Pack, Back of Pack","Exfoliate Away Body Polish INGREDIENTS: Water (Eau), Glycerin, Hydrated Silica, Sodium Lauroyl Isethionate, Stearic Acid, Sodium Stearate, Cocamidopropyl Betaine, Fragrance (Parfum), Lactic Acid, Hydroxystearic Acid, Lauric Acid, Sodium Oleate, Cetearyl Alcohol, Synthetic Wax, Sodium Isethionate, Sodium Chloride, Sodium Benzoate, Hydroxyacetophenone, Sodium Laurate, Tetrasodium EDTA, Tetrasodium Etidronate, Caprylic/Capric Triglyceride, Titanium Dioxide, Iron Oxides (CI 77499), Red 33 (CI 17200), Yellow 5 (CI 19140), Blue 1 (CI 42090) Benzyl Salicylate, Limonene, Linalool.",340 g,Dove Body Love Exfoliate Away Body Polish,Dove Exfoliate Away Body Polish formulated with 10x moisture boost* and plant-based cleansers exfoliates rough skin to reveal soft skin after every wash.,"unilever:dove/site-home/washing-and-bathing/body-wash,unilever:dove/product/collection/washing-and-bathing/body-love,unilever:dove/product/type/washing-and-bathing/body-polish,unilever:dove/product/need/washing-and-bathing/dry,unilever:dove/product/benefit/cross-category/moisturising,unilever:dove/product/ingredient/exfoliating-minerals,unilever:dove/product/benefit/cross-category/sulfate-free,unilever:dove/product/benefit/cross-category/paraben-free,unilever:dove/product/benefit/cross-category/ph-balanced,unilever:dove/product/benefit/washing-and-bathing/gentle-cleansing,unilever:dove/article/source/category/washing-and-bathing,unilever:dove/content/purpose/core/product,unilever:dove/content/frequency/evergreen,unilever:dove/content/brand/dove-women,unilever:dove/content/process/created",,,,42964d068e976d80e7a7b42eeb6b468e,,,,1/1/2023,,Short,PNG,,,Dove Exfoliate Away Body Polish formulated with 10x moisture boost* and plant-based cleansers exfoliates rough skin to reveal soft skin after every wash.,"?Hydrating Body Polish formulated with AHA Serum + Exfoliants.
?Formulated with 10X Moisture Boost Complex*.
?Exfoliates and refines your skin in the shower to reveal soft skin.
?#1 dermatologist recommended body wash brand, co-created with beauty editors.
?This Body Polish is vegan, and Dove is globally approved by PETA.
?Sulfate-free formula packaged in a jar made with 100% recycled plastic. 
","Ready to shower your body with extra love and care? Dove Exfoliate Away Body Polish exfoliates and refines your skin in the shower to reveal silky, soft skin. Made with the ingredients you love in your daily face care regimen, just wait and see what they can do for your body!

Formulated with 10x moisture boost* and AHA Serum + Exfoliants, the body polish buffs away dead skin cells and refines the skin barrier. Best suited for rough and bumpy skin, this pH balanced and microbiome gentle body polish exfoliates and infuses moisture to reveal skin that?s beautifully smooth. 

A sulfate and paraben-free body cleanser, our body polish is also vegan, and Dove is globally approved by PETA. What?s even better? Our jar is made with 100% recycled plastic.

No.1 dermatologist-recommended body wash brand and co-created with beauty editors.
","Ideal for rough and bumpy skin
This hydrating and exfoliating body polish with AHA serum and exfoliants is ideal for rough, bumpy skin. It buffs away dead skin cells and refines and preps the skin barrier to reveal illuminated skin.",Massage a generous amount of this body polish on your skin and leave it on for one minute to infuse moisture. Rinse and follow with the Dove Body Love Cleanser to lock in moisture.," Try switching your regular body scrub for Exfoliate away body scrub with AHA serum. 
",Ingredients correct at time of publishing. Always check product packaging.,,,,,,,,,,,,,,,,,,,,,,,,,,,,,,,,,,,,,,,,,,,,,,,,,,,,,,,,,,,,,,,,,,,,,,,,,,,,,,,,,,,,,,,,,,,,,,,,,,,,,,,,,,,,,,,,,,,,,,,,,,,,,,,,,,,,,,,,,,,,,,,,,,,,,,,,,,,,,,,,,,,,,,,,,,,
Skin Cleansing,Standard,Product,New,UPC,11111040168,11111040168,,Dove Body Love Night Recovery Body Cleanser,"88168128#,88168153","Front of Pack, Back of Pack","Night Recovery Body Cleanser INGREDIENTS: Water (Eau), Petrolatum, Cocamidopropyl Betaine, Lauric Acid, Sodium Lauroyl Glycinate, Sodium Lauroyl Isethionate, Sodium Chloride, Glycerin, Stearic Acid, Palmitic Acid, Hydroxystearic Acid, Glyceryl Stearate, Hydrogenated Soybean Oil, Retinol, Chamomilla Recutita (Matricaria) Flower Extract, Fragrance (Parfum), Acrylates Copolymer, Sodium Benzoate, Guar Hydroxypropyltrimonium Chloride, Capryloyl Glycine, Undecylenoyl Glycine, Sodium Gluconate, Citric Acid.",517 mL,Dove Body Love Night Recovery Body Cleanser,Dove Body Love Night Recovery Body Cleanser formulated with retinol and botanical oils encourages production of skin's natural moisturizers - all while you sleep!,"unilever:dove/site-home/washing-and-bathing/body-wash,unilever:dove/product/collection/washing-and-bathing/body-love,unilever:dove/product/type/washing-and-bathing/body-wash,unilever:dove/product/need/washing-and-bathing/dry,unilever:dove/product/benefit/skin-care/softening,unilever:dove/product/benefit/cross-category/moisturising,unilever:dove/product/benefit/cross-category/sulfate-free,unilever:dove/product/benefit/cross-category/paraben-free,unilever:dove/product/benefit/cross-category/dye-free,unilever:dove/product/benefit/cross-category/dermatologist-recommended,unilever:dove/product/benefit/cross-category/ph-balanced,unilever:dove/product/benefit/washing-and-bathing/gentle-cleansing,unilever:dove/article/source/category/washing-and-bathing,unilever:dove/content/purpose/core/product,unilever:dove/content/frequency/evergreen,unilever:dove/content/brand/dove-women,unilever:dove/content/process/created",,,,66f2922e8a584a68bc932432a5b5fcee,,,,1/1/2023,,Tall,PNG,,,Dove Body Love Night Recovery Body Cleanser formulated with retinol and botanical oils encourages production of skin's natural moisturizers - all while you sleep!,"?Night recovery body wash with retinol and botanical oils nourishes dry skin.
?Encourages production of dry skin?s natural moisturizers.
?Formulated with 10X Moisture Boost Complex.
?Formulated for dry worn-down skin.
?This Body Cleanser is vegan, and Dove is globally approved by PETA.
?Sulfate and paraben-free formula packaged in a 100% recycled plastic bottle 
","Ready to shower your body with love? Boost your skin?s moisture barrier and resilience with Dove Night Recovery Body Cleanser formulated with 10X Moisture Boost Complex* comprised of active moisturizers, this body soap cleanser for dry worn-down skin has a rich and creamy texture that helps skin stay hydrated throughout the night for softer, smoother skin in the morning. This moisturizing cleanser helps to boost skins resilience while nourishing dry skin. 

Formulated with retinol serum and botanical oils, this cleanser helps to retain moisture, boosts the skin?s resilience, while nourishing dry skin.  
It also encourages the production of skin?s natural moisturizers, not only while you sleep, but also leaves you with a softness that lasts 24 hours. Plus, it will leave your skin delicately scented with soothing notes of Jasmine, maple, vanilla, and amber.  

A paraben and sulfate-free cleanser, it?s also as gentle as water. Dove Night Recovery Body Cleanser is vegan, and Dove is globally approved by PETA.  

No.1 dermatologist-recommended body wash brand and co-created with beauty editors.","Extra care for dry skin 
A cleanser formulated for dry worn-down skin in need of a little extra love and long-lasting softness.","Squeeze a generous amount of Dove Night Recovery body cleanser into your palms. Massage on your skin, taking a moment to enjoy the rich lather and relaxing fragrance of jasmine, maple, vanilla and amber notes, before rinsing off.",Try switching your ordinary soap or non-moisturizing cleanser for a hydrating body cleanser with advanced skincare ingredients like retinol serum and botanical oils.,Ingredients correct at time of publishing. Always check product packaging.,,,,,,,,,,,,,,,,,,,,,,,,,,,,,,,,,,,,,,,,,,,,,,,,,,,,,,,,,,,,,,,,,,,,,,,,,,,,,,,,,,,,,,,,,,,,,,,,,,,,,,,,,,,,,,,,,,,,,,,,,,,,,,,,,,,,,,,,,,,,,,,,,,,,,,,,,,,,,,,,,,,,,,,,,,,
